index,우편번호,주소,실시간빠른길,편한길,최적경로,무료우선,second_highest
12477,22113,인천광역시 미추홀구 장고개로 65,181.34,181.32,181.32,191.44,181.32
12478,22114,인천광역시 미추홀구 송림로 250,182.45,182.42,182.42,185.22,182.45
12479,22115,인천광역시 미추홀구 장고개로 31,181.79,181.77,181.77,190.15,181.79
12480,22116,인천광역시 미추홀구 장고개로 28,181.55,181.53,181.53,190.1,181.55
12481,22117,인천광역시 미추홀구 장고개로42번길 7,181.74,181.71,181.71,190.29,181.74
12482,22118,인천광역시 미추홀구 석정로 294,181.67,181.64,181.64,183.2,181.67
12483,22119,인천광역시 미추홀구 숙골로8번길 33,180.86,180.83,180.83,190.82,180.86
12484,22120,인천광역시 미추홀구 경인로251번길 14,180.62,180.6,180.6,190.59,180.62
12485,22121,인천광역시 미추홀구 길파로 53,187.99,187.96,187.96,187.69,187.96
12486,22122,인천광역시 미추홀구 주염로73번길 38,179.88,188.45,179.85,186.19,186.19
12487,22123,인천광역시 미추홀구 염전로 393,179.57,188.23,179.55,185.89,185.89
12488,22124,인천광역시 미추홀구 석정로 431,179.15,179.12,179.12,186.83,179.15
12489,22125,인천광역시 미추홀구 길파로20번길 21,188.28,188.26,188.26,186.37,188.26
12490,22126,인천광역시 미추홀구 염전로 348,187.76,187.74,187.74,186.35,187.74
12491,22127,인천광역시 미추홀구 석정로 382,182.33,182.33,182.33,187.08,182.33
12492,22128,인천광역시 미추홀구 염창로 63,179.48,188.67,179.45,187.16,187.16
12493,22129,인천광역시 미추홀구 석정로440번길 8,179.34,189.59,179.92,187.02,187.02
12494,22130,인천광역시 미추홀구 염창로 114,179.05,179.02,179.02,186.73,179.05
12495,22131,인천광역시 미추홀구 경원대로 928,179.25,179.22,179.22,188.68,179.25
12496,22132,인천광역시 미추홀구 주안로 73,180.31,180.28,180.28,189.44,180.31
12497,22133,인천광역시 미추홀구 주안로 157,179.15,179.13,179.13,188.58,179.15
12498,22134,인천광역시 미추홀구 경원대로875번길 23,180.47,180.44,180.44,188.5,180.47
12499,22135,인천광역시 미추홀구 석바위로101번길 28,180.15,180.12,180.12,188.53,180.15
12500,22136,인천광역시 미추홀구 주안서로 29,180.45,180.43,180.43,189.14,180.45
12501,22137,인천광역시 미추홀구 한나루로 595,180.53,180.5,180.5,189.68,180.53
12502,22138,인천광역시 미추홀구 경인로 312,180.41,180.39,180.39,189.56,180.41
12503,22139,인천광역시 미추홀구 경인로 295,180.22,180.19,180.19,189.36,180.22
12504,22140,인천광역시 미추홀구 석바위로80번길 20,179.97,179.94,179.94,188.56,179.97
12505,22141,인천광역시 미추홀구 주안동로12번길 43,180.4,180.37,180.37,188.07,180.4
12506,22142,인천광역시 미추홀구 주안로 219,178.6,183.29,178.57,189.02,183.29
12507,22143,인천광역시 미추홀구 경원대로898번길 19,178.95,182.82,179.1,188.55,182.82
12508,22144,인천광역시 미추홀구 경원대로852번길 51,178.83,182.53,178.81,188.26,182.53
12509,22145,인천광역시 미추홀구 경인로 472,178.4,182.67,178.37,188,182.67
12510,22146,인천광역시 미추홀구 구월로40번길 20,177.92,181.73,177.89,185.84,181.73
12511,22147,인천광역시 미추홀구 구월남로32번길 4,177.68,182.37,177.65,187.69,182.37
12512,22148,인천광역시 미추홀구 경인로 384,179.67,179.64,179.64,209.32,179.67
12513,22149,인천광역시 미추홀구 동주길94번길 32,179.68,181.76,179.68,187.76,181.76
12514,22150,인천광역시 미추홀구 동주길42번길 42,178.05,180.92,178.03,187.46,180.92
12515,22151,인천광역시 미추홀구 동주길29번길 11,178.18,182.26,178.16,187.59,182.26
12516,22152,인천광역시 미추홀구 한나루로585번길 10,180.32,180.3,180.3,191.65,180.32
12517,22153,인천광역시 미추홀구 제일로40번길 34,179.77,179.74,179.74,191.1,179.77
12518,22154,인천광역시 미추홀구 경인로 336,180.67,180.65,180.65,198.81,180.67
12519,22155,인천광역시 미추홀구 미추홀대로 645,179.08,179.05,179.05,186.92,179.08
12520,22156,인천광역시 미추홀구 남주길69번길 39,179.72,179.7,179.7,187.56,179.72
12521,22157,인천광역시 미추홀구 한나루로515번길 95,180.29,180.27,180.27,188.13,180.29
12522,22158,인천광역시 미추홀구 한나루로516번길 23,179.75,179.73,179.73,187.59,179.75
12523,22159,인천광역시 미추홀구 남주길 150,179.06,179.03,179.03,186.9,179.06
12524,22160,인천광역시 미추홀구 석정로49번길 30,184.36,184.34,184.34,192.2,184.36
12525,22161,인천광역시 미추홀구 경인로41번길 24,184.17,184.17,184.17,192.55,184.17
12526,22162,인천광역시 미추홀구 경인로 67,184.8,184.8,184.8,193.46,184.8
12527,22163,인천광역시 미추홀구 경인로116번길 80,184.54,184.54,184.54,192.83,184.54
12528,22164,인천광역시 미추홀구 수봉북로12번길 44,185.25,185.44,185.44,193.09,185.44
12529,22165,인천광역시 미추홀구 경인로252번안길 12,181.37,181.37,181.37,190.53,181.37
12530,22166,인천광역시 미추홀구 수봉로 169,180.8,180.77,180.77,193.53,180.8
12531,22167,인천광역시 미추홀구 수봉로33번길 102,181.48,181.48,181.48,192.69,181.48
12532,22168,인천광역시 미추홀구 장천로94번길 49,184.79,184.77,184.77,192.19,184.79
12533,22169,인천광역시 미추홀구 미추로6번길 3,184.19,184.17,184.17,192.56,184.19
12534,22170,인천광역시 미추홀구 석정로64번길 13,184.14,184.11,184.11,192.51,184.14
12535,22171,인천광역시 미추홀구 인중로16번길 18,184.16,184.16,184.16,213.85,184.16
12536,22172,인천광역시 미추홀구 독배로 462,184.31,184.28,184.28,191.7,184.31
12537,22173,인천광역시 미추홀구 인주대로 43,183.88,183.85,183.85,192.24,183.88
12538,22174,인천광역시 미추홀구 석정로 19,184.11,184.09,184.09,213.77,184.11
12539,22175,인천광역시 미추홀구 인주대로4번길 26,183.15,183.12,183.12,212.81,183.15
12540,22176,인천광역시 미추홀구 인주대로94번길 2,183.92,183.9,183.9,213.58,183.92
12541,22177,인천광역시 미추홀구 장천로8번길 36,183.84,183.84,183.84,192.23,183.84
12542,22178,인천광역시 미추홀구 장천로 38,184.81,184.78,184.78,192.21,184.81
12543,22179,인천광역시 미추홀구 인주대로 125,184.37,184.34,184.34,192.73,184.37
12544,22180,인천광역시 미추홀구 인주대로185번길 14,180.74,180.74,180.74,193.83,180.74
12545,22181,인천광역시 미추홀구 수봉로 170,180.77,180.78,180.78,194.52,180.78
12546,22182,인천광역시 미추홀구 인주대로 148,184.44,184.41,184.41,192.81,184.44
12547,22183,인천광역시 미추홀구 비룡길41번길 18,184.91,184.88,184.88,193.27,184.91
12548,22184,인천광역시 미추홀구 능해길 191,183.82,183.82,183.82,213.51,183.82
12549,22185,인천광역시 미추홀구 낙섬동로 101,183.75,183.75,183.75,213.43,183.75
12550,22186,인천광역시 미추홀구 낙섬중로77번길 25,182.91,182.91,182.91,193.72,182.91
12551,22187,인천광역시 미추홀구 토금중로47번길 15,182.76,182.79,182.79,193.55,182.79
12552,22188,인천광역시 미추홀구 독배로317번길 27,180.93,180.93,180.93,191.19,180.93
12553,22189,인천광역시 미추홀구 매소홀로 161,183.09,183.09,183.09,193.91,183.09
12554,22190,인천광역시 미추홀구 낙섬서로10번길 3,182.04,182.04,182.04,192.85,182.04
12555,22191,인천광역시 미추홀구 매소홀로 35,182.22,182.22,182.22,193.04,182.22
12556,22192,인천광역시 미추홀구 아암대로 135,181.62,181.62,181.62,192.44,181.62
12557,22193,인천광역시 미추홀구 매소홀로 120,182.59,182.59,182.59,212.28,182.59
12558,22194,인천광역시 미추홀구 학익로 116,183.45,183.45,183.45,213.13,183.45
12559,22195,인천광역시 미추홀구 서해대로94번길 144,179.67,184.59,179.87,188.74,184.59
12560,22196,인천광역시 미추홀구 아암대로227번길 34,179.52,183.05,183.05,193.87,183.05
12561,22197,인천광역시 미추홀구 비류대로55번길 68,181.52,181.52,181.52,189.3,181.52
12562,22198,인천광역시 미추홀구 한나루로341번길 85,179.84,179.84,179.84,197.33,179.84
12563,22199,인천광역시 미추홀구 햇골길57번길 21,179.46,179.46,179.46,197.63,179.46
12564,22200,인천광역시 미추홀구 문학길70번길 70,178.27,178.27,178.27,196.44,178.27
12565,22201,인천광역시 미추홀구 소성로 20,180.74,180.74,180.74,197.84,180.74
12566,22202,인천광역시 미추홀구 한나루로 389,179,179,179,189.82,179
12567,22203,인천광역시 미추홀구 매소홀로290번길 7,179.94,179.94,179.94,209.62,179.94
12568,22204,인천광역시 미추홀구 매소홀로 248,182.24,182.24,182.24,190.03,182.24
12569,22205,인천광역시 미추홀구 노적산로40번길 80,179.71,179.71,179.71,190.53,179.71
12570,22206,인천광역시 미추홀구 한나루로341번길 54,179.57,179.57,179.57,190.39,179.57
12571,22207,인천광역시 미추홀구 인주대로 220,180.38,180.38,180.38,189.56,180.38
12572,22208,인천광역시 미추홀구 한나루로477번길 118,179.95,179.95,179.95,199.23,179.95
12573,22209,인천광역시 미추홀구 한나루로477번길 32,179.52,179.52,179.52,197.69,179.52
12574,22210,인천광역시 미추홀구 인하로 156,179.45,179.45,179.45,209.13,179.45
12575,22211,인천광역시 미추홀구 인하로120번길 24,179.94,179.94,179.94,199.36,179.94
12576,22212,인천광역시 미추홀구 인하로 8,181.31,181.31,181.31,198.82,181.31
12577,22213,인천광역시 미추홀구 인주대로 326,180.09,180.09,180.09,198.26,180.09
12578,22214,인천광역시 미추홀구 인주대로344번길 21,178.97,178.97,178.97,197.14,178.97
12579,22215,인천광역시 미추홀구 인주대로 370,179.61,179.61,179.61,188.78,179.61
12580,22216,인천광역시 미추홀구 미추홀대로 565,178.56,179.91,178.56,187.58,179.91
12581,22217,인천광역시 미추홀구 주승로 51,178.04,178.04,178.04,188.85,178.04
12582,22218,인천광역시 미추홀구 학익소로13번길 46,179.07,179.07,179.07,208.76,179.07
12583,22219,인천광역시 미추홀구 한나루로412번길 24,179.24,179.24,179.24,208.93,179.24
12584,22220,인천광역시 미추홀구 소성로163번길 49,178.72,178.72,178.72,189.54,178.72
12585,22221,인천광역시 미추홀구 소성로185번길 23,178.65,179.5,178.66,189.48,179.5
12586,22222,인천광역시 미추홀구 미추홀대로 509,177.67,177.67,177.67,188.49,177.67
12587,22223,인천광역시 미추홀구 소성로 249,177.94,177.94,177.94,188.75,177.94
12588,22224,인천광역시 미추홀구 소성로 146,179.1,179.1,179.1,189.49,179.1
12589,22225,인천광역시 미추홀구 한나루로358번길 23,179,179,179,189.82,179
12590,22226,인천광역시 미추홀구 매소홀로438번길 29,178.89,178.89,178.89,189.71,178.89
12591,22227,인천광역시 미추홀구 인주대로 394,178.63,178.63,178.63,189.45,178.63
12592,22228,인천광역시 미추홀구 경원대로 757,179.47,179.47,179.47,187.76,179.47
12593,22229,인천광역시 미추홀구 주승로 153,178.65,178.65,178.65,186.57,178.65
12594,22230,인천광역시 미추홀구 인하로 304,178.46,178.46,178.46,187.53,178.46
12595,22231,인천광역시 미추홀구 승학길 6,177.63,177.63,177.63,188.45,177.63
12596,22232,인천광역시 미추홀구 주승로 152,178.66,178.66,178.66,186.7,178.66
12597,22233,인천광역시 미추홀구 경원대로 627,177.54,177.54,177.54,186.46,177.54
12598,22234,인천광역시 미추홀구 매소홀로 618,178.63,178.63,178.63,186.38,178.63
12599,22235,인천광역시 미추홀구 매소홀로576번길 5,178.09,178.09,178.09,188.9,178.09
12600,22236,인천광역시 미추홀구 소성로277번길 22,177.55,177.55,177.55,188.37,177.55
12601,22237,인천광역시 미추홀구 소성로282번길 13,177.7,177.7,177.7,188.52,177.7
12602,22238,인천광역시 미추홀구 문학길125번길 21,178.44,178.44,178.44,186.71,178.44
12603,22239,인천광역시 미추홀구 인하로 395,177.55,177.55,177.55,186.47,177.55
12604,22240,인천광역시 미추홀구 주승로197번길 13,177.58,177.58,177.58,186.41,177.58
12605,22241,인천광역시 미추홀구 문화로 11,176.77,176.77,176.77,185.68,176.77
12606,22242,인천광역시 미추홀구 문화로 22,176.54,176.54,176.54,185.46,176.54
12607,22243,인천광역시 미추홀구 경원대로640번길 26,176.94,176.94,176.94,185.85,176.94
12608,22300,인천광역시 중구 월미로 206,188.03,188.03,188.03,195.45,188.03
12609,22301,인천광역시 중구 월미로 139,187.69,187.69,187.69,195.11,187.69
12610,22302,인천광역시 중구 반달로5번길 23,187.7,187.7,187.7,195.12,187.7
12611,22303,인천광역시 중구 월미로 214,187.75,187.75,187.75,195.17,187.75
12612,22304,인천광역시 중구 월미로 374,189.28,189.28,189.28,196.7,189.28
12613,22305,인천광역시 중구 내항로 410,186.69,186.69,186.69,194.11,186.69
12614,22306,인천광역시 중구 월미로 33,186.29,186.29,186.29,193.71,186.29
12615,22307,인천광역시 중구 제물량로335번길 55,186.66,186.66,186.66,194.08,186.66
12616,22308,인천광역시 중구 참외전로45번길 5,185.75,185.75,185.75,193.17,185.75
12617,22309,인천광역시 중구 송월로 1,186.55,186.55,186.55,193.97,186.55
12618,22310,인천광역시 중구 자유공원서로 61,186.16,186.16,186.16,193.58,186.16
12619,22311,인천광역시 중구 자유공원서로 21,186.37,186.37,186.37,193.79,186.37
12620,22312,인천광역시 중구 차이나타운로26번길 12,185.88,185.88,185.88,193.56,185.88
12621,22313,인천광역시 중구 우현로 15,184.92,184.92,184.92,192.34,184.92
12622,22314,인천광역시 중구 차이나타운로52번길 3,185.66,185.66,185.66,193.09,185.66
12623,22315,인천광역시 중구 신포로27번길 58,185.44,185.42,185.42,192.84,185.44
12624,22316,인천광역시 중구 개항로53번길 9,184.84,184.81,184.81,192.24,184.84
12625,22317,인천광역시 중구 참외전로 149,184.74,184.72,184.72,192.14,184.74
12626,22318,인천광역시 중구 참외전로152번길 10,184.56,184.53,184.53,191.96,184.56
12627,22319,인천광역시 중구 참외전로174번길 38,184.51,184.48,184.48,191.9,184.51
12628,22320,인천광역시 중구 답동로30번길 9,184.74,184.71,184.71,192.14,184.74
12629,22321,인천광역시 중구 개항로 66,184.8,184.8,184.8,192.2,184.8
12630,22322,인천광역시 중구 개항로 36,184.97,184.94,184.94,192.37,184.97
12631,22323,인천광역시 중구 우현로 12,184.63,184.61,184.61,192.03,184.63
12632,22324,인천광역시 중구 인중로144번길 67,184.26,184.24,184.24,191.66,184.26
12633,22325,인천광역시 중구 서해대로417번길 57,184.4,184.38,184.38,214.06,184.4
12634,22326,인천광역시 중구 도원로45번길 12,184,183.97,183.97,191.39,184
12635,22327,인천광역시 중구 도원로 62,184.1,184.08,184.08,213.76,184.1
12636,22328,인천광역시 중구 샛골로 52,184.66,184.63,184.63,192.05,184.66
12637,22329,인천광역시 중구 도산로 8,183.94,183.91,183.91,191.33,183.94
12638,22330,인천광역시 중구 서해대로 422,183.75,183.73,183.73,220.24,183.75
12639,22331,인천광역시 중구 제물량로 24,183.39,183.36,183.36,190.79,183.39
12640,22332,인천광역시 중구 아암대로 12,183.7,183.67,183.67,191.09,183.7
12641,22333,인천광역시 중구 매소홀로 7,182.49,182.47,182.47,193.28,182.49
12642,22334,인천광역시 중구 축항대로 295,181.61,181.59,181.59,192.41,181.61
12643,22335,인천광역시 중구 축항대로 245,182.11,182.08,182.08,192.9,182.11
12644,22336,인천광역시 중구 서해대로293번길 117,183.6,183.57,183.57,194.39,183.6
12645,22337,인천광역시 중구 서해대로209번길 55,182.88,182.86,182.86,193.68,182.88
12646,22338,인천광역시 중구 축항대로 220,183.41,183.38,183.38,194.2,183.41
12647,22339,인천광역시 중구 서해대로210번길 39,182.37,182.34,182.34,193.16,182.37
12648,22340,인천광역시 중구 축항대로296번길 115,180.19,184.62,180.39,188.3,184.62
12649,22341,인천광역시 중구 서해대로94번길 11,179.8,183.25,183.25,194.06,183.25
12650,22342,인천광역시 중구 서해대로 189,183.37,183.35,183.35,190.76,183.37
12651,22343,인천광역시 중구 축항대로296번길 183,180.17,184.58,180.38,188.28,184.58
12652,22344,인천광역시 중구 축항대로2번길 26,184.81,184.78,184.78,214.47,184.81
12653,22345,인천광역시 중구 축항대로87번길 25,184.13,184.11,184.11,194.93,184.13
12654,22346,인천광역시 중구 서해대로293번길 16,182.78,182.75,182.75,212.44,182.78
12655,22347,인천광역시 중구 축항대로69번길 16,184.07,184.04,184.04,194.86,184.07
12656,22348,인천광역시 중구 연안부두로53번길 21,184.33,184.31,184.31,191.72,184.33
12657,22349,인천광역시 중구 연안부두로 12,185.17,185.15,185.15,192.56,185.17
12658,22350,인천광역시 중구 연안부두로107번길 20,184.83,184.81,184.81,192.22,184.83
12659,22351,인천광역시 중구 연안부두로33번길 36,184.12,184.09,184.09,191.5,184.12
12660,22352,인천광역시 중구 축항대로118번길 67,184.13,184.11,184.11,194.93,184.13
12661,22353,인천광역시 중구 축항대로86번길 137,185.22,185.19,185.19,192.61,185.22
12662,22354,인천광역시 중구 축항대로118번길 135,185.28,185.25,185.25,192.67,185.28
12663,22355,인천광역시 중구 미단소망로 60,200.72,209.49,210.38,211.33,210.38
12664,22356,인천광역시 중구 백운로안길 6,200.44,212.2,200.65,214.04,212.2
12665,22357,인천광역시 중구 백운로 217,200.42,208.47,209.35,210.3,209.35
12666,22358,인천광역시 중구 백운로 169,200.22,208.94,209.82,210.77,209.82
12667,22359,인천광역시 중구 전소로1번길 28,197.89,209.63,198.09,211.46,209.63
12668,22360,인천광역시 중구 백운로265번길 15,200.82,208.23,209.11,210.06,209.11
12669,22361,인천광역시 중구 운서로63번길 34,198.06,203.73,198.26,213.5,203.73
12670,22362,인천광역시 중구 영종순환로900번길 13,198.63,210.39,198.83,212.22,210.39
12671,22363,인천광역시 중구 젓개로 15,198.51,204.19,198.71,213.06,204.19
12672,22364,인천광역시 중구 신도시북로43번길 86,196.45,202.12,196.65,215.3,202.12
12673,22365,인천광역시 중구 신도시북로 44,196.41,202.08,196.61,215.26,202.08
12674,22366,인천광역시 중구 신도시북로140번길 33,196.62,202.3,196.82,215.48,202.3
12675,22367,인천광역시 중구 신도시북로 18,196.02,201.7,196.23,214.88,201.7
12676,22368,인천광역시 중구 영종대로 9,196.12,201.79,196.32,214.97,201.79
12677,22369,인천광역시 중구 눈돌로14번길 35,195.86,201.53,196.06,214.72,201.53
12678,22370,인천광역시 중구 신도시남로 43,196.16,201.83,196.36,215.01,201.83
12679,22371,인천광역시 중구 흰바위로59번길 8,196.88,202.55,197.08,215.73,202.55
12680,22372,인천광역시 중구 운남동로53번길 5,197.3,202.97,197.5,212.04,202.97
12681,22373,인천광역시 중구 하늘대로 317,196.18,201.85,196.38,214.48,201.85
12682,22374,인천광역시 중구 운서2로 24,196.06,201.74,196.27,215.54,201.74
12683,22375,인천광역시 중구 숲쟁이로 12,194.97,200.65,195.17,218.1,200.65
12684,22376,인천광역시 중구 흰바위로 284,196.78,202.45,196.98,216.46,202.45
12685,22377,인천광역시 중구 남디로 44,195.84,201.52,196.05,218.97,201.52
12686,22378,인천광역시 중구 인천대교고속도로 3,195.08,200.75,195.28,218.21,200.75
12687,22379,인천광역시 중구 자유무역로 135,196.3,201.97,196.5,215.15,201.97
12688,22380,인천광역시 중구 공항동로295번길 46,200.55,206.22,200.75,219.25,206.22
12689,22381,인천광역시 중구 공항동로135번길 114,199.29,204.96,199.49,217.99,204.96
12690,22382,인천광역시 중구 공항서로 486,206.87,212.54,207.07,224.09,212.54
12691,22383,인천광역시 중구 용유로745번길 32,206.85,212.53,207.05,224.08,212.53
12692,22384,인천광역시 중구 남북로6번길 52,206.14,211.81,206.34,227.59,211.81
12693,22385,인천광역시 중구 공항서로 187,202.95,208.62,203.15,224.4,208.62
12694,22386,인천광역시 중구 큰무리로7번길 5,205.94,211.62,206.14,227.39,211.62
12695,22387,인천광역시 중구 하나개로 37,208.49,214.16,208.69,234.83,214.16
12696,22388,인천광역시 중구 소무의로16번길 7,210.06,215.74,210.26,236.41,215.74
12697,22389,인천광역시 중구 은하수로 412,198.34,204.77,198.55,213.03,204.77
12698,22390,인천광역시 중구 은하수로 306,199.19,204.87,199.4,213.13,204.87
12699,22391,인천광역시 중구 오작로20번길 10,199.92,205.93,200.12,213.51,205.93
12700,22392,인천광역시 중구 두미포로 244,201.5,207.18,201.7,215.44,207.18
12701,22393,인천광역시 중구 영종진광장로 55,201.65,207.33,201.85,215.59,207.33
12702,22394,인천광역시 중구 두미포로 112,200.48,206.16,200.68,214.42,206.16
12703,22395,인천광역시 중구 하늘별빛로 66,200.21,205.88,200.41,214.15,205.88
12704,22396,인천광역시 중구 하늘별빛로 86,199.67,205.35,199.88,213.61,205.35
12705,22397,인천광역시 중구 하늘중앙로195번길 15,200.09,205.76,200.29,214.02,205.76
12706,22398,인천광역시 중구 하늘별빛로 111,199.38,205.06,199.59,213.32,205.06
12707,22399,인천광역시 중구 은하수로 351,198.77,204.44,198.97,212.71,204.44
12708,22400,인천광역시 중구 은하수로 377,198.74,204.41,198.94,212.68,204.41
12709,22401,인천광역시 중구 하늘중앙로 236,199.47,205.15,199.68,213.41,205.15
12710,22402,인천광역시 중구 하늘달빛로64번길 4,198.85,204.52,199.05,214.08,204.52
12711,22403,인천광역시 중구 하늘달빛로 65,198.91,204.59,199.11,214.14,204.59
12712,22404,인천광역시 중구 하늘중앙로 271,198.29,203.97,198.5,213.74,203.97
12713,22405,인천광역시 중구 하늘달빛로 95,199.05,205.26,199.25,213.53,205.26
12714,22406,인천광역시 중구 하늘달빛로 139,198.15,203.82,198.35,215.44,203.82
12715,22407,인천광역시 중구 은하수로 465,198.08,203.75,198.28,213.52,203.75
12716,22408,인천광역시 중구 영종대로 804,198.26,203.94,198.47,214.25,203.94
12717,22409,인천광역시 중구 하늘달빛로2번길 6,199.15,204.82,199.35,214.38,204.82
12718,22410,인천광역시 중구 은하수로29번길 31,201.23,201.43,201.43,215.86,201.43
12719,22500,인천광역시 동구 보세로 95,190.21,190.18,190.18,203.23,190.21
12720,22501,인천광역시 동구 보세로 20,187.57,187.54,187.54,202.75,187.57
12721,22502,인천광역시 동구 만석부두로 16,187.67,187.64,187.64,202.85,187.67
12722,22503,인천광역시 동구 인중로 468,187.52,187.49,187.49,202.7,187.52
12723,22504,인천광역시 동구 화도진로174번길 7,186.67,186.65,186.65,201.85,186.67
12724,22505,인천광역시 동구 화도진로 183,187.42,187.39,187.39,202.6,187.42
12725,22506,인천광역시 동구 어촌로7번길 11,187.27,187.24,187.24,194.66,187.27
12726,22507,인천광역시 동구 어촌로 22,186.86,186.83,186.83,194.25,186.86
12727,22508,인천광역시 동구 만석로 32,187.48,186.95,186.95,194.88,187.48
12728,22509,인천광역시 동구 석수로 55,185.93,185.9,185.9,201.11,185.93
12729,22510,인천광역시 동구 석수로 76,186.02,186,186,193.42,186.02
12730,22511,인천광역시 동구 제물량로 412,186.38,186.35,186.35,201.56,186.38
12731,22512,인천광역시 동구 화수로73번길 18,188.22,188.2,188.2,195.62,188.22
12732,22513,인천광역시 동구 화수로 84,186.35,186.32,186.32,201.53,186.35
12733,22514,인천광역시 동구 인중로 547,188.39,188.36,188.36,195.79,188.39
12734,22515,인천광역시 동구 화수로 46,186.02,185.99,185.99,193.41,186.02
12735,22516,인천광역시 동구 화수로69번길 33,186.05,186.02,186.02,193.44,186.05
12736,22517,인천광역시 동구 화도진로106번길 56,185.96,185.93,185.93,193.35,185.96
12737,22518,인천광역시 동구 화도진로106번길 4,185.71,185.68,185.68,193.11,185.71
12738,22519,인천광역시 동구 운교로 14,185.61,185.59,185.59,193.01,185.61
12739,22520,인천광역시 동구 송화로42번길 16,185.67,185.64,185.64,193.07,185.67
12740,22521,인천광역시 동구 송화로 45,185.75,185.73,185.73,193.15,185.75
12741,22522,인천광역시 동구 화수로 40,186.04,186.01,186.01,193.43,186.04
12742,22523,인천광역시 동구 송화로44번길 19,185.74,185.71,185.71,200.92,185.74
12743,22524,인천광역시 동구 중봉대로 15,186.37,186.34,186.34,201.55,186.37
12744,22525,인천광역시 동구 중봉대로 99,194.11,194.11,183.48,191.21,194.11
12745,22526,인천광역시 동구 방축로 16,194.33,194.33,183.7,191.42,194.33
12746,22527,인천광역시 동구 방축로37번길 19,193.39,193.39,182.76,190.48,193.39
12747,22528,인천광역시 동구 염전로 27,193.58,193.58,182.95,190.68,193.58
12748,22529,인천광역시 동구 방축로62번길 38,193.52,193.52,186.7,190.62,193.52
12749,22530,인천광역시 동구 봉수대로 91,193.06,193.06,182.44,190.16,193.06
12750,22531,인천광역시 동구 봉수대로96번길 52,192.39,192.39,181.76,189.49,192.39
12751,22532,인천광역시 동구 방축로167번길 18,181.54,196.18,181.51,189.24,189.24
12752,22533,인천광역시 동구 중봉대로 6,186.43,186.41,186.41,193.83,186.43
12753,22534,인천광역시 동구 송미로35번길 1,186.46,186.44,186.44,190.78,186.46
12754,22535,인천광역시 동구 송미로 50,186.59,186.56,186.56,190.67,186.59
12755,22536,인천광역시 동구 송향로14번길 6,,,,,
12756,22539,인천광역시 동구 인중로680번길 8,186.13,186.11,186.11,201.31,186.13
12757,22540,인천광역시 동구 샛골로 177,185.81,185.79,185.79,191.41,185.81
12758,22541,인천광역시 동구 솔빛로73번길 22,185.73,185.7,185.7,200.91,185.73
12759,22542,인천광역시 동구 송림로43번길 9,185.78,185.84,185.84,193.18,185.84
12760,22543,인천광역시 동구 샛골로161번길 14,186.04,186.02,186.02,193.44,186.04
12761,22544,인천광역시 동구 송림로109번길 3,185.72,185.69,185.69,193.11,185.72
12762,22545,인천광역시 동구 송림로117번길 6,185.65,185.63,185.63,193.56,185.65
12763,22546,인천광역시 동구 송현로59번길 5,186.54,186.51,186.51,193.93,186.54
12764,22547,인천광역시 동구 송현로 38,186.22,186.19,186.19,193.62,186.22
12765,22548,인천광역시 동구 송현로 10,198.21,198.21,198.21,201.86,198.21
12766,22549,인천광역시 동구 송현로 21,185.38,185.35,185.35,192.78,185.38
12767,22550,인천광역시 동구 송림로 11,184.81,184.78,184.78,192.2,184.81
12768,22551,인천광역시 동구 솔빛로 16,185.32,185.29,185.29,192.72,185.32
12769,22552,인천광역시 동구 화도진로 16,185.29,185.26,185.26,192.69,185.29
12770,22554,인천광역시 동구 금곡로11번길 10,184.72,184.69,184.69,192.12,184.72
12771,22555,인천광역시 동구 금곡로47번길 10,185.68,185.57,185.57,193.08,185.68
12772,22556,인천광역시 동구 샛골로 135,185.49,185.37,185.37,192.89,185.49
12773,22557,인천광역시 동구 샛골로 130,185.55,185.44,185.44,192.95,185.55
12774,22558,인천광역시 동구 동산로 86,185.24,186.09,185.37,192.63,186.09
12775,22559,인천광역시 동구 새천년로 35,186.3,186.3,186.3,193.83,186.3
12776,22560,인천광역시 동구 동산로 57,185.34,186.19,185.47,192.74,186.19
12777,22561,인천광역시 동구 동산로63번길 15,184.99,185.84,185.12,192.39,185.84
12778,22562,인천광역시 동구 금창로36번길 10,185.24,185.1,185.1,200.42,185.24
12779,22563,인천광역시 동구 금곡로 48,185.04,185.02,185.02,200.23,185.04
12780,22564,인천광역시 동구 금창로 37,185.19,185.07,185.07,200.37,185.19
12781,22565,인천광역시 동구 우각로 20,185.19,185.07,185.07,200.37,185.19
12782,22566,인천광역시 동구 우각로 117,,,,,
12783,22567,인천광역시 동구 샛골로 106,185.18,185.07,185.07,200.36,185.18
12784,22568,인천광역시 동구 우각로187번길 27,,,,,
12785,22569,인천광역시 동구 봉수대로8번길 8,186.72,197.18,186.72,190.57,190.57
12786,22570,인천광역시 동구 송림로162번길 10,186.09,186.09,186.09,201.49,186.09
12787,22571,인천광역시 동구 새천년로 98,185.56,186.41,185.69,200.74,186.41
12788,22572,인천광역시 동구 새천년로38번길 11,185.33,186.18,185.46,200.51,186.18
12789,22573,인천광역시 동구 동산로12번길 12,185,185.85,185.13,192.4,185.85
12790,22574,인천광역시 동구 새천년로34번길 6,184.8,185.65,184.93,192.19,185.65
12791,22575,인천광역시 동구 동산로 23,184.66,185.51,184.79,192.06,185.51
12792,22600,인천광역시 서구 두밀로 72,201.54,201.25,201.25,212.52,201.54
12793,22601,인천광역시 서구 마전로115번길 24,199.19,202.08,199.19,210.46,202.08
12794,22602,인천광역시 서구 검단로623번길 76,195.75,202.6,199.72,210.99,202.6
12795,22603,인천광역시 서구 세자봉로 159,196.53,203.38,200.88,212.15,203.38
12796,22604,인천광역시 서구 신동안길 6,202.72,203.36,204.37,215.64,204.37
12797,22605,인천광역시 서구 봉수대로 1630,201.26,201.26,201.26,202.27,201.26
12798,22606,인천광역시 서구 봉수대로1568번길 64,201.31,201.31,201.31,202.31,201.31
12799,22607,인천광역시 서구 세자봉로76번길 11,200.64,200.64,200.64,201.65,200.64
12800,22608,인천광역시 서구 세자봉로 146,196.75,206.99,201.1,201.91,201.91
12801,22609,인천광역시 서구 가현로42번길 63,195.99,202.12,200.34,201.14,201.14
12802,22610,인천광역시 서구 가현로103번길 6,202.69,201.89,200.03,200.84,201.89
12803,22611,인천광역시 서구 검단로501번길 70,201.37,201.37,201.37,202.38,201.37
12804,22612,인천광역시 서구 완정로 214,200.29,200.29,200.29,201.3,200.29
12805,22613,인천광역시 서구 완정로 240,199.98,199.98,199.98,200.99,199.98
12806,22614,인천광역시 서구 봉수대로 1470,199.63,199.63,199.63,200.64,199.63
12807,22615,인천광역시 서구 검단로 441,200.01,200.01,200.01,201.01,200.01
12808,22616,인천광역시 서구 검단로445번길 18,199.73,199.73,199.73,200.74,199.73
12809,22617,인천광역시 서구 완정로178번안길 1,200.72,200.72,200.72,201.73,200.72
12810,22618,인천광역시 서구 검단로511번길 17,201.14,203,201.17,202.18,202.18
12811,22619,인천광역시 서구 검단로777번길 26,198.39,196.22,198.39,209.66,198.39
12812,22620,인천광역시 서구 용해로 17,198.29,196.13,198.29,209.56,198.29
12813,22621,인천광역시 서구 검단로 837,196.57,196.57,196.57,207.84,196.57
12814,22622,인천광역시 서구 고산후로 356,194.97,194.97,194.97,206.24,194.97
12815,22623,인천광역시 서구 고산후로174번길 8,193.6,201.73,193.6,204.87,201.73
12816,22624,인천광역시 서구 고산후로 156,193.94,201.44,193.94,205.21,201.44
12817,22625,인천광역시 서구 고산로 12,192.87,191.1,192.87,203.99,192.87
12818,22626,인천광역시 서구 원당대로 951,192.3,190.54,192.3,203.43,192.3
12819,22627,인천광역시 서구 검단로 812,197.1,194.93,197.1,208.22,197.1
12820,22628,인천광역시 서구 고산후로 329,195.45,195.45,195.45,206.57,195.45
12821,22629,인천광역시 서구 검단로 834,199.47,195.43,195.43,206.56,199.47
12822,22631,인천광역시 서구 검단로744번3길 38,197.82,195.65,197.82,208.94,197.82
12823,22632,인천광역시 서구 검단로 624,199.23,201.59,199.23,210.36,201.59
12824,22633,인천광역시 서구 완정로92번길 26,200.03,200.03,200.03,201.04,200.03
12825,22634,인천광역시 서구 완정로92번길 11,200.07,200.07,200.07,201.07,200.07
12826,22635,인천광역시 서구 검단로502번길 4,199.93,199.93,199.93,200.93,199.93
12827,22636,인천광역시 서구 완정로 91,199.94,199.94,199.94,200.95,199.94
12828,22637,인천광역시 서구 완정로65번안길 42,199.09,199.09,199.09,200.1,199.09
12829,22638,인천광역시 서구 완정로65번길 10,199.59,199.59,199.59,200.6,199.59
12830,22639,인천광역시 서구 완정로33번길 11,193.37,199.94,195.27,198.53,198.53
12831,22640,인천광역시 서구 완정로34번길 31,195.27,200.09,195.27,206.54,200.09
12832,22642,인천광역시 서구 완정로10번길 30,195.01,200.23,195.01,206.28,200.23
12833,22643,인천광역시 서구 서곶로 868,194.81,200.28,194.81,206.07,200.28
12834,22644,인천광역시 서구 원당대로839번안길 14,193.33,201.64,193.33,204.6,201.64
12835,22646,인천광역시 서구 고산후로161번안길 21,194.34,202.9,194.34,205.6,202.9
12836,22647,인천광역시 서구 고산후로121번안길 24,193.37,200.87,193.37,204.63,200.87
12837,22648,인천광역시 서구 소담로 55,201.7,202.16,201.7,216.57,202.16
12838,22649,인천광역시 서구 봉수대로1531번길 29,200.9,200.9,200.9,201.76,200.9
12839,22650,인천광역시 서구 단봉로62번안길 12,199.74,199.74,199.74,200.6,199.74
12840,22651,인천광역시 서구 봉화로 78,200.34,200.34,200.34,201.21,200.34
12841,22652,인천광역시 서구 백석산로54번길 45,202.04,203.15,202.04,202.91,202.91
12842,22653,인천광역시 서구 검단로 107,201.59,201.59,201.85,202.71,201.85
12843,22654,인천광역시 서구 검단로 187,201.25,201.62,201.25,202.11,201.62
12844,22655,인천광역시 서구 단봉로 179,200.95,202.04,200.95,201.82,201.82
12845,22656,인천광역시 서구 봉화로15번길 23,200.66,201.97,200.66,201.67,201.67
12846,22657,인천광역시 서구 단봉로 99,200.33,200.33,200.33,201.33,200.33
12847,22658,인천광역시 서구 단봉로 61,199.67,199.67,199.67,200.68,199.67
12848,22659,인천광역시 서구 단봉로 12,199.23,199.23,199.23,200.24,199.23
12849,22660,인천광역시 서구 단봉로85번길 39,200.07,200.07,200.07,201.08,200.07
12850,22661,인천광역시 서구 원당대로265번길 20,200.51,200.51,200.51,201.52,200.51
12851,22662,인천광역시 서구 원당대로 395,200.74,200.74,200.74,201.74,200.74
12852,22663,인천광역시 서구 검단로114번길 17,201.7,201.7,202.25,203.26,202.25
12853,22664,인천광역시 서구 검단로 48,203.17,203.8,203.17,204.18,203.8
12854,22665,인천광역시 서구 보듬1로 27,203.23,203.87,203.23,204.24,203.87
12855,22666,인천광역시 서구 도담2로 16,202.33,202.96,202.33,203.34,202.96
12856,22667,인천광역시 서구 검단천로356번길 8,201.97,202.61,201.97,202.98,202.61
12857,22668,인천광역시 서구 두루물로96번길 26,201.01,201.01,201.01,202.02,201.01
12858,22669,인천광역시 서구 원당대로262번길 36,200.72,200.72,200.72,201.73,200.72
12859,22670,인천광역시 서구 거월로 18,198.12,198.12,198.12,199.13,198.12
12860,22671,인천광역시 서구 드림로177번길 18,198.91,198.91,198.91,199.91,198.91
12861,22672,인천광역시 서구 거월로 9,198.17,198.17,198.17,199.17,198.17
12862,22673,인천광역시 서구 봉수대로 1234,197.33,197.33,197.33,198.34,197.33
12863,22674,인천광역시 서구 원당대로608번안길 9,199.65,199.65,195.09,198.35,199.65
12864,22675,인천광역시 서구 청마로93번길 3,192.34,198.52,194.24,197.5,197.5
12865,22676,인천광역시 서구 드림로 305,192.29,198.38,194.23,197.45,197.45
12866,22677,인천광역시 서구 청마로 175,194.44,200.08,194.44,205.71,200.08
12867,22678,인천광역시 서구 청마로148번길 14,193.88,198.97,193.88,205.15,198.97
12868,22679,인천광역시 서구 원당대로 736,193.99,200.58,193.99,205.25,200.58
12869,22680,인천광역시 서구 원당대로820번길 70,192.91,200.41,192.91,204.18,200.41
12870,22681,인천광역시 서구 원당대로820번길 34,192.88,200.38,192.88,204.15,200.38
12871,22682,인천광역시 서구 고산후로95번길 24,193.56,201.06,193.56,204.82,201.06
12872,22683,인천광역시 서구 고산후로78번안길 12,193.37,200.87,193.37,204.64,200.87
12873,22684,인천광역시 서구 이음3로 101,193.49,200.99,192.92,204.76,200.99
12874,22685,인천광역시 서구 이음3로 296,192.86,192.86,192.86,204.13,192.86
12875,22686,인천광역시 서구 독정로 17,191.99,198.39,191.99,197.15,197.15
12876,22687,인천광역시 서구 서곶로 723,191.84,198.57,194.36,197.57,197.57
12877,22688,인천광역시 서구 자원순환로356번길 11,198.76,198.76,196.46,201.62,198.76
12878,22689,인천광역시 서구 환경로28번길 34,192.4,198.67,192.4,197.56,197.56
12879,22690,인천광역시 서구 인천국제공항고속도로 24,212.23,217.91,211.86,223.82,217.91
12880,22691,인천광역시 서구 경서로 90,196.18,196.18,196.18,196.33,196.18
12881,22692,인천광역시 서구 경서로55번길 6,196.16,196.16,190.75,195.91,196.16
12882,22693,인천광역시 서구 경명대로 447,190.26,196.53,190.26,195.41,195.41
12883,22694,인천광역시 서구 간재울길 26,196.02,196.02,190.89,196.05,196.02
12884,22695,인천광역시 서구 승학로483번길 18,190.04,196.84,190.04,195.2,195.2
12885,22696,인천광역시 서구 승학로512번길 29,189.78,198.98,189.78,194.93,194.93
12886,22697,인천광역시 서구 도요지로197번길 25,189.4,196.03,189.4,194.55,194.55
12887,22698,인천광역시 서구 승학로 444,189.52,196.52,189.52,194.68,194.68
12888,22699,인천광역시 서구 승학로372번길 1,188.88,196.81,188.88,194.04,194.04
12889,22700,인천광역시 서구 이화로26번길 7,189.24,195.81,189.24,194.4,194.4
12890,22701,인천광역시 서구 경명대로 531,189.36,197.3,189.36,194.52,194.52
12891,22702,인천광역시 서구 꽃뫼길 178,191.35,200.32,191.35,196.51,196.51
12892,22703,인천광역시 서구 승학로 574,190.23,199.19,190.23,195.39,195.39
12893,22704,인천광역시 서구 승학로599번길 57,190.09,198.74,190.09,195.25,195.25
12894,22705,인천광역시 서구 검암로10번길 18,190.5,199.47,190.5,195.66,195.66
12895,22706,인천광역시 서구 서곶로450번길 17,189.17,197.82,189.17,194.33,194.33
12896,22707,인천광역시 서구 경명대로659번길 20,187.82,187.82,187.82,192.98,187.82
12897,22708,인천광역시 서구 서곶로370번길 24,188.3,197.61,188.3,193.46,193.46
12898,22709,인천광역시 서구 심곡로208번길 8,187.93,187.93,187.93,193.08,187.93
12899,22710,인천광역시 서구 경명대로 750,187.53,187.53,187.53,192.69,187.53
12900,22711,인천광역시 서구 서곶로192번길 19,188.48,188.48,188.48,196.7,188.48
12901,22712,인천광역시 서구 심곡로 165,188.28,188.28,188.28,193.44,188.28
12902,22713,인천광역시 서구 서곶로 330,191.53,193.42,189.27,194.43,193.42
12903,22714,인천광역시 서구 탁옥로97번길 2,188.83,191.88,188.83,193.99,191.88
12904,22715,인천광역시 서구 서곶로 100,187.39,187.39,187.39,191.05,187.39
12905,22716,인천광역시 서구 봉오대로283번길 6,187.83,187.83,187.83,210.17,187.83
12906,22717,인천광역시 서구 염곡로 725,190.01,196.61,190.01,195.17,195.17
12907,22718,인천광역시 서구 대평로56번길 25,189.09,196.55,189.09,194.25,194.25
12908,22719,인천광역시 서구 승학로 329,188.7,196.63,188.7,193.85,193.85
12909,22720,인천광역시 서구 승학로 336,188.67,196.61,188.67,193.83,193.83
12910,22721,인천광역시 서구 서곶로 359,188.47,197.13,188.47,193.63,193.63
12911,22722,인천광역시 서구 승학로 286,189.01,197.66,189.01,194.17,194.17
12912,22723,인천광역시 서구 승학로287번길 6,189.17,197.1,189.17,194.33,194.33
12913,22724,인천광역시 서구 용두산로 5,189.39,197.43,189.39,194.55,194.55
12914,22725,인천광역시 서구 서곶로315번길 24,189.16,197.81,189.16,194.31,194.31
12915,22726,인천광역시 서구 탁옥로51번길 13,189.16,197.81,189.16,194.32,194.32
12916,22727,인천광역시 서구 탁옥로 34,191.54,197.32,191.54,194.69,194.69
12917,22728,인천광역시 서구 승학로 229,191.38,193.26,191.38,194.93,193.26
12918,22729,인천광역시 서구 승학로 195,191.59,193.47,191.59,195.14,193.47
12919,22730,인천광역시 서구 승학로 212,191.4,193.28,191.4,194.95,193.28
12920,22731,인천광역시 서구 염곡로498번안길 15,188.52,188.52,188.52,196.76,188.52
12921,22732,인천광역시 서구 봉오재3로 14,189.89,189.89,189.89,196.83,189.89
12922,22733,인천광역시 서구 봉수대로 633,189.31,189.31,189.31,196.73,189.31
12923,22734,인천광역시 서구 청라라임로138번길 4,193.81,197.98,192.68,196.85,196.85
12924,22735,인천광역시 서구 청라에메랄드로133번길 25,192.15,198.18,192.82,197.05,197.05
12925,22736,인천광역시 서구 중봉대로586번길 9,190.37,190.37,190.37,194.02,190.37
12926,22737,인천광역시 서구 중봉대로586번길 22,190.51,190.51,190.51,194.17,190.51
12927,22738,인천광역시 서구 청라라임로 50,190.59,190.59,190.59,193.63,190.59
12928,22739,인천광역시 서구 청라에메랄드로76번길 21,189.52,189.52,189.52,193.18,189.52
12929,22740,인천광역시 서구 청라에메랄드로41번길 13,189.73,189.73,189.73,193.38,189.73
12930,22741,인천광역시 서구 청라라임로 17,190.61,190.61,190.61,193.64,190.61
12931,22742,인천광역시 서구 국제대로 29,194.12,194.12,194.12,199.79,194.12
12932,22743,인천광역시 서구 사렴로31번길 18,192.22,198.49,192.22,197.38,197.38
12933,22744,인천광역시 서구 호두산로94번길 10,194.83,197.93,191.65,196.81,196.81
12934,22745,인천광역시 서구 원전로 64,195.34,198.12,191.84,197,197
12935,22746,인천광역시 서구 국제대로 121,192.65,192.65,192.65,198.47,192.65
12936,22747,인천광역시 서구 청라커낼로 336,191.59,191.59,191.59,197.92,191.59
12937,22748,인천광역시 서구 청라한울로67번길 20,192.41,192.41,192.41,198.08,192.41
12938,22749,인천광역시 서구 청라한울로 17,192.47,192.47,192.47,198.45,192.47
12939,22750,인천광역시 서구 크리스탈로 130,192.03,192.03,192.03,198.87,192.03
12940,22751,인천광역시 서구 청라대로 204,193.05,193.05,193.05,196.71,193.05
12941,22752,인천광역시 서구 청라한내로161번길 3,193.4,193.4,193.4,199.55,193.4
12942,22753,인천광역시 서구 청라한내로 131,193.12,193.12,193.12,196.77,193.12
12943,22754,인천광역시 서구 비즈니스로194번길 9,194.1,194.1,194.1,197.76,194.1
12944,22755,인천광역시 서구 경명대로 82,199.97,199.97,193.7,198.86,199.97
12945,22756,인천광역시 서구 로봇랜드로249번길 46,194.41,193.45,194.41,198.38,194.41
12946,22757,인천광역시 서구 비즈니스로 97,193.33,193.33,193.33,197.3,193.33
12947,22758,인천광역시 서구 청라한내로 82,192.31,192.31,192.31,196.28,192.31
12948,22759,인천광역시 서구 크리스탈로 59,191.55,191.55,191.55,195.21,191.55
12949,22760,인천광역시 서구 크리스탈로74번길 13,191.36,191.36,191.36,195.01,191.36
12950,22761,인천광역시 서구 청라커낼로 249,190.65,190.65,190.65,194.3,190.65
12951,22762,인천광역시 서구 청라커낼로288번길 10,191.25,191.25,191.25,198.21,191.25
12952,22763,인천광역시 서구 청라커낼로 217,190.88,190.88,190.88,194.53,190.88
12953,22764,인천광역시 서구 청라대로 46,191.53,191.53,191.53,195.19,191.53
12954,22765,인천광역시 서구 푸른로14번길 7,192.05,192.05,192.05,195.71,192.05
12955,22766,인천광역시 서구 보석로17번안길 22,192.34,192.34,192.34,195.99,192.34
12956,22767,인천광역시 서구 북항배후로 1,194.22,192.66,194.22,197.88,194.22
12957,22768,인천광역시 서구 파랑로 331,190.52,190.52,190.52,194.18,190.52
12958,22769,인천광역시 서구 북항로 53,192.4,192.4,192.4,192.74,192.4
12959,22770,인천광역시 서구 봉수대로501번길 3,190.18,190.18,190.18,193.83,190.18
12960,22771,인천광역시 서구 봉수대로 331,190.75,190.75,190.75,191.93,190.75
12961,22772,인천광역시 서구 중봉대로286번길 17,192.33,192.33,184.64,192.37,192.33
12962,22773,인천광역시 서구 건지로97번길 54,192.06,192.06,192.06,192.7,192.06
12963,22774,인천광역시 서구 봉수대로277번길 8,191.42,191.42,191.42,191.62,191.42
12964,22775,인천광역시 서구 봉오대로 234,190.22,190.22,190.22,193.88,190.22
12965,22776,인천광역시 서구 가남로 400,187.98,187.98,187.98,201.26,187.98
12966,22777,인천광역시 서구 가정로394번길 13,187.98,187.98,187.98,201.26,187.98
12967,22778,인천광역시 서구 가정로 375,188.3,188.3,188.3,201.58,188.3
12968,22779,인천광역시 서구 봉오대로 136,189.29,189.29,189.29,192.95,189.29
12969,22780,인천광역시 서구 율도로15번길 4,189.61,189.61,189.61,202.89,189.61
12970,22781,인천광역시 서구 원창로 174,188.72,188.72,188.72,202,188.72
12971,22782,인천광역시 서구 신현로 24,188.61,188.61,188.61,201.91,188.61
12972,22783,인천광역시 서구 가정로336번길 30,188.32,188.32,188.32,201.6,188.32
12973,22784,인천광역시 서구 율도로 120,188.68,188.68,188.68,201.96,188.68
12974,22785,인천광역시 서구 강남로 32,189.13,189.13,189.13,202.42,189.13
12975,22786,인천광역시 서구 새오개로16번길 8,190.47,190.47,190.47,193.01,190.47
12976,22787,인천광역시 서구 새오개로 27,190.34,190.34,190.34,192.89,190.34
12977,22788,인천광역시 서구 길주로45번길 17,190.94,190.94,190.94,192.41,190.94
12978,22789,인천광역시 서구 칠천왕로7번길 8,190.54,190.54,190.54,199.65,190.54
12979,22790,인천광역시 서구 신석로112번길 2,189.03,189.03,189.03,202.32,189.03
12980,22791,인천광역시 서구 거북로119번길 14,190.31,190.31,190.31,199.9,190.31
12981,22792,인천광역시 서구 가정로 233,189.65,189.65,189.65,199.46,189.65
12982,22793,인천광역시 서구 거북로 25,190.61,190.61,190.61,191.5,190.61
12983,22794,인천광역시 서구 석남로 16,191.17,191.17,191.17,191.4,191.17
12984,22795,인천광역시 서구 건지로249번길 40,190.05,190.05,190.05,191.39,190.05
12985,22796,인천광역시 서구 석남로 121,189.29,189.29,189.29,192.94,189.29
12986,22797,인천광역시 서구 서곶로 12,188.15,188.15,188.15,200.65,188.15
12987,22798,인천광역시 서구 서달로207번길 12,190.54,192.01,193.39,200.82,193.39
12988,22799,인천광역시 서구 서달로 174,191.44,192.49,192.44,212.84,192.49
12989,22800,인천광역시 서구 서달로149번길 7,191.95,192.75,191.95,210.5,192.75
12990,22801,인천광역시 서구 서달로 110,183.72,183.72,183.72,210.3,183.72
12991,22802,인천광역시 서구 서달로 121,183.75,183.75,183.75,210.32,183.75
12992,22803,인천광역시 서구 가석로 232,191.09,191.09,191.09,200.54,191.09
12993,22804,인천광역시 서구 건지로311번길 37,190.84,190.84,190.84,200.29,190.84
12994,22805,인천광역시 서구 서달로 20,184.52,191.28,191.28,199.91,191.28
12995,22806,인천광역시 서구 건지로 373,183.97,191.36,183.97,189.13,189.13
12996,22807,인천광역시 서구 건지로399번길 24,183.57,191.45,183.57,188.73,188.73
12997,22808,인천광역시 서구 건지로328번길 3,190.68,190.68,190.68,209.23,190.68
12998,22809,인천광역시 서구 건지로366번길 7,190.96,190.96,190.96,199.61,190.96
12999,22810,인천광역시 서구 원적로 106,184.34,191.73,181.69,192.76,191.73
13000,22811,인천광역시 서구 장고개로 390,184.46,191.86,184.46,193.09,191.86
13001,22812,인천광역시 서구 여우재로82번길 23,180.39,182.9,180.39,191.45,182.9
13002,22813,인천광역시 서구 고래울로 23,181.25,200.3,181.25,192.32,192.32
13003,22814,인천광역시 서구 여우재로 131,181.35,192.26,181.35,192.41,192.26
13004,22815,인천광역시 서구 장고개로 329,184.45,191.85,184.45,192.89,191.85
13005,22816,인천광역시 서구 건지로318번길 42,190.81,190.81,190.81,200.1,190.81
13006,22817,인천광역시 서구 신진말로28번길 10,184.5,191.54,184.5,192.67,191.54
13007,22818,인천광역시 서구 가석로 68,181.01,200.05,181.01,192.08,192.08
13008,22819,인천광역시 서구 신진말로28번길 42,181.09,191.83,181.09,192.15,191.83
13009,22820,인천광역시 서구 장고개로 255,181.06,183.44,181.06,192.13,183.44
13010,22821,인천광역시 서구 열우물로282번길 12,180.51,183.03,180.51,191.58,183.03
13011,22822,인천광역시 서구 열우물로240번길 15,180.48,182.99,180.48,191.55,182.99
13012,22823,인천광역시 서구 열우물로 206,179.62,182.14,179.62,190.69,182.14
13013,22824,인천광역시 서구 백범로630번길 38,179.97,182.36,179.97,191.04,182.36
13014,22825,인천광역시 서구 가좌로 71,179.47,179.47,179.47,190.54,179.47
13015,22826,인천광역시 서구 장고개로238번길 21,180.76,199.51,180.76,191.83,191.83
13016,22827,인천광역시 서구 장고개로217번길 12,180.54,199.59,180.54,191.61,191.61
13017,22828,인천광역시 서구 백범로 727,180.62,196.41,180.62,191.68,191.68
13018,22829,인천광역시 서구 가재울로 56,179.89,198.93,179.89,190.95,190.95
13019,22830,인천광역시 서구 방축로 333,179.9,188.3,179.9,190.96,188.3
13020,22831,인천광역시 서구 염곡로 133,183.01,191.11,183.01,194.08,191.11
13021,22832,인천광역시 서구 건지로 240,190.46,190.46,190.46,194.11,190.46
13022,22833,인천광역시 서구 가정로152번길 22,190.11,190.11,190.11,194.52,190.11
13023,22834,인천광역시 서구 가정로 110,190.33,190.33,190.33,193.17,190.33
13024,22835,인천광역시 서구 가정로 115,190.26,190.26,190.26,193.24,190.26
13025,22836,인천광역시 서구 염곡로 86,191.09,191.09,182.28,190,191.09
13026,22837,인천광역시 서구 가정로57번길 25,192.19,192.19,182.25,189.98,192.19
13027,22838,인천광역시 서구 가정로 88,190.61,190.61,190.61,193,190.61
13028,22839,인천광역시 서구 백범로 826,191.77,191.77,181.14,188.87,191.77
13029,22840,인천광역시 서구 봉수대로 192,193.35,193.35,182.72,193.79,193.35
13030,22841,인천광역시 서구 장고개로117번길 48,192.54,192.54,181.91,189.63,192.54
13031,22842,인천광역시 서구 장고개로 124,182.46,182.46,182.46,194.85,182.46
13032,22843,인천광역시 서구 건지로86번길 9,184.16,192.25,184.16,195.22,192.25
13033,22844,인천광역시 서구 보도진로 74,184.02,192.13,184.02,191.75,191.75
13034,22845,인천광역시 서구 백범로910번길 49,193.31,193.31,182.68,190.4,193.31
13035,22846,인천광역시 서구 백범로934번길 41,193.29,193.29,182.66,190.39,193.29
13036,22847,인천광역시 서구 보도진로30번길 28,192.23,192.23,184.13,191.54,192.23
13037,22848,인천광역시 서구 원석로 7,193.63,193.63,193.63,195.46,193.63
13038,22849,인천광역시 서구 뱃길1로 48,197.9,198.47,197.9,201.32,198.47
13039,22850,인천광역시 서구 정서진7로 8,197.46,196.89,196.89,200.31,197.46
13040,22851,인천광역시 서구 로봇랜드로 155,193.07,191.51,193.64,197.29,193.64
13041,22852,인천광역시 서구 파랑로116번안길 7,193.01,192.69,193.01,198.46,193.01
13042,22853,인천광역시 서구 북항로 136,192.58,193.15,192.58,196.76,193.15
13043,22854,인천광역시 서구 원석로 173,191.28,191.28,191.85,197.14,191.85
13044,22855,인천광역시 서구 북항로 163,193.3,193.31,193.87,197.48,193.87
13045,22856,인천광역시 서구 북항로245번길 30,193.95,193.95,193.95,194.8,193.95
13046,22857,인천광역시 서구 북항로335번길 29,194.66,193.1,194.66,195.94,194.66
13047,22858,인천광역시 서구 봉오재3로 45,188,188,188,192.94,188
13048,22859,인천광역시 서구 서로3로 191,192.5,194.33,192.5,204.34,194.33
13049,22860,인천광역시 서구 서로3로 255,192.18,194.09,192.18,204.02,194.09
13050,22861,인천광역시 서구 이음6로 49,191.41,194.52,191.41,203.25,194.52
13051,22862,인천광역시 서구 당곡로 9,190.72,193.31,190.72,202.56,193.31
13052,22863,인천광역시 서구 이음1로 420,191.56,193.64,191.56,203.41,193.64
13053,22864,인천광역시 서구 이음5로 65,191.77,194.88,191.77,203.04,194.88
13054,22865,인천광역시 서구 바리미로 21,191.68,194.78,191.68,202.94,194.78
13055,22866,인천광역시 서구 원당대로 983,192.38,195.49,192.38,203.65,195.49
13056,22867,인천광역시 서구 이음5로 15,192.7,195.81,192.7,203.97,195.81
13057,22868,인천광역시 서구 서로3로 198,192.84,195.95,192.84,204.11,195.95
13058,22869,인천광역시 서구 원당대로 966,192.26,195.37,192.26,203.53,195.37
13059,22870,인천광역시 서구 이음2로 29,191.63,191.63,191.63,202.9,191.63
13060,22871,인천광역시 서구 서로3로 50,191.58,191.58,191.58,202.85,191.58
13061,22872,인천광역시 서구 이음1로 154,191.2,191.2,191.2,202.47,191.2
13062,22873,인천광역시 서구 드림로 605,191.57,191.57,191.57,202.84,191.57
13063,22874,인천광역시 서구 서로2로 24,191.61,200.88,191.61,202.88,200.88
13064,22875,인천광역시 서구 드림로 601,192.84,192.84,192.84,204.11,192.84
13065,22876,인천광역시 서구 이음1로 350,191.31,194.65,191.31,202.57,194.65
13066,22877,인천광역시 서구 이음4로 74,191.46,194.81,191.46,202.73,194.81
13067,22878,인천광역시 서구 이음1로 252,191.86,191.86,191.86,203.12,191.86
13068,22879,인천광역시 서구 이음2로 90,191.66,191.79,191.66,203.06,191.79
13069,22880,인천광역시 서구 드림로 700,190.23,190.1,190.1,201.5,190.23
13070,22881,인천광역시 서구 이음1로 173,191.08,191.21,191.08,202.48,191.21
13071,22882,인천광역시 서구 이음대로 475,191.66,191.66,191.66,202.93,191.66
13072,22883,인천광역시 서구 봉오재3로 100,188.15,188.15,188.15,191.93,188.15
13073,22884,인천광역시 서구 서곶로 908,193.4,195.99,193.27,204.67,195.99
13074,22885,인천광역시 서구 원당대로 763,193.6,201.1,193.6,205,201.1
13075,22887,인천광역시 서구 동화시로 106,192.84,195.29,192.7,204.1,195.29
13076,22888,인천광역시 서구 고산후로 288,192.22,194.81,192.22,203.63,194.81
13077,22889,인천광역시 서구 고산후로 308,192.42,195.01,192.42,203.83,195.01
13078,23000,인천광역시 강화군 교동북2길 259,241.6,241.6,241.6,253,241.6
13079,23001,인천광역시 강화군 교동동로438번길 48,235.72,235.72,235.72,247.12,235.72
13080,23002,인천광역시 강화군 대룡안길22번길 7,235.99,235.99,235.99,247.39,235.99
13081,23003,인천광역시 강화군 교동서로378번길 54,240.27,240.27,240.27,251.67,240.27
13082,23004,인천광역시 강화군 상리길 189,239.16,249.44,239.3,250.56,249.44
13083,23005,인천광역시 강화군 삼산서로 87,235.51,245.65,235.51,246.78,245.65
13084,23006,인천광역시 강화군 삼산남로 124,234.38,244.52,234.38,245.65,244.52
13085,23007,인천광역시 강화군 어류정길198번길 15,239.68,249.82,239.68,250.95,249.82
13086,23008,인천광역시 강화군 아차도길 100,249.41,249.41,249.41,258.42,249.41
13087,23009,인천광역시 강화군 미법길 72,246.87,270.85,246.87,251.49,251.49
13088,23010,인천광역시 강화군 말도길 53,250.31,250.31,250.31,259.32,250.31
13089,23011,인천광역시 강화군 배우개길69번길 26,226.09,226.09,226.09,237.93,226.09
13090,23012,인천광역시 강화군 전망대로 1415,226.57,226.57,226.57,238.41,226.57
13091,23013,인천광역시 강화군 전망대로423번길 55,222.34,222.34,222.34,234.19,222.34
13092,23014,인천광역시 강화군 강화대로 994,220.93,220.93,220.93,232.77,220.93
13093,23015,인천광역시 강화군 인화로 50,224.74,224.74,224.74,236.57,224.74
13094,23016,인천광역시 강화군 망월길202번길 21,228.7,231.3,228.7,240.54,231.3
13095,23017,인천광역시 강화군 황청포구로333번길 46,232.42,235.02,232.42,244.26,235.02
13096,23018,인천광역시 강화군 고비고개로743번길 105,223.72,223.72,223.72,235.56,223.72
13097,23019,인천광역시 강화군 강화대로912번길 63,221.16,221.16,221.16,233,221.16
13098,23020,인천광역시 강화군 전망대로 323,221.33,221.33,221.33,233.17,221.33
13099,23021,인천광역시 강화군 대산길51번길 21,217.21,217.21,217.21,229.05,217.21
13100,23022,인천광역시 강화군 새말길8번길 5,215.38,215.38,215.38,227.22,215.38
13101,23023,인천광역시 강화군 갑룡길 213,215.01,215.01,215.01,226.85,215.01
13102,23024,인천광역시 강화군 갑룡길73번길 16,213.23,213.23,213.23,225.07,213.23
13103,23025,인천광역시 강화군 강화대로216번길 51,212.93,212.93,212.93,224.77,212.93
13104,23026,인천광역시 강화군 해안북로 15,211.82,211.82,211.82,223.66,211.82
13105,23027,인천광역시 강화군 강화대로 195,212.36,212.36,212.36,224.2,212.36
13106,23028,인천광역시 강화군 고비고개로 255,218.88,218.88,218.88,230.72,218.88
13107,23029,인천광역시 강화군 향교길 58,215.66,215.66,215.66,227.5,215.66
13108,23030,인천광역시 강화군 동문안길 41,214.62,214.62,214.62,226.46,214.62
13109,23031,인천광역시 강화군 동문안길 23,214.78,214.78,214.78,226.62,214.78
13110,23032,인천광역시 강화군 송악길 4,214.94,214.94,214.94,226.78,214.94
13111,23033,인천광역시 강화군 강화대로471번길 4,216.03,216.03,216.03,227.88,216.03
13112,23034,인천광역시 강화군 신문길 13,214.37,214.37,214.37,226.21,214.37
13113,23035,인천광역시 강화군 강화대로 365,214.38,214.38,214.38,226.22,214.38
13114,23036,인천광역시 강화군 강화대로 384,214.12,214.12,214.12,225.96,214.12
13115,23037,인천광역시 강화군 중앙로 6,214.61,214.61,214.61,226.45,214.61
13116,23038,인천광역시 강화군 중앙로 665,221.69,232.53,221.69,233.53,232.53
13117,23039,인천광역시 강화군 시리미로313번길 57,218.63,218.63,218.63,230.47,218.63
13118,23040,인천광역시 강화군 시리미로 21,217.56,222.96,217.56,229.4,222.96
13119,23041,인천광역시 강화군 중앙로236번길 50,216.96,227.85,216.96,228.8,227.85
13120,23042,인천광역시 강화군 와말길 237,216.35,216.35,216.35,228.19,216.35
13121,23043,인천광역시 강화군 선원사지로 282,215.95,217.74,215.95,227.79,217.74
13122,23044,인천광역시 강화군 철종외가길 9,217.3,219.32,217.3,229.14,219.32
13123,23045,인천광역시 강화군 불은북로171번길 60,220.72,226.12,222.12,233.96,226.12
13124,23046,인천광역시 강화군 고능로195번길 33,219.45,225.68,219.45,231.29,225.68
13125,23047,인천광역시 강화군 불은남로158번길 25,215.94,222.26,215.94,227.78,222.26
13126,23048,인천광역시 강화군 강화동로 144,215.81,219.31,215.81,227.65,219.31
13127,23049,인천광역시 강화군 길상로 242,213.27,218.63,213.27,225.11,218.63
13128,23050,인천광역시 강화군 강화동로74번길 50,215.57,219.07,215.57,227.41,219.07
13129,23051,인천광역시 강화군 해안남로 769,216.97,220.47,216.97,228.81,220.47
13130,23052,인천광역시 강화군 장흥로261번길 42,212.95,216.45,212.95,224.79,216.45
13131,23053,인천광역시 강화군 동검길 147,215.15,218.65,215.15,226.99,218.65
13132,23054,인천광역시 강화군 해안서로 925,227.48,238.19,227.48,239.32,238.19
13133,23055,인천광역시 강화군 중앙로814번길 19,222.47,233.18,222.47,234.31,233.18
13134,23056,인천광역시 강화군 건평로 114,225.37,236.08,225.37,237.21,236.08
13135,23057,인천광역시 강화군 강화남로721번길 109,223.98,227.48,223.98,235.82,227.48
13136,23058,인천광역시 강화군 정문길 98,219.01,224.41,219.01,230.85,224.41
13137,23059,인천광역시 강화군 마니산로 450,220.14,222.37,218.87,230.71,222.37
13138,23060,인천광역시 강화군 해안남로 2740,226.59,228.82,225.32,237.16,228.82
13139,23061,인천광역시 강화군 해안남로2029번길 11,225.73,229.23,225.73,237.57,229.23
13140,23062,인천광역시 강화군 해안남로1691번길 46,222.71,226.22,222.71,234.55,226.22
13141,23100,인천광역시 옹진군 두무진로 362,415.99,415.99,415.99,420.98,415.99
13142,23101,인천광역시 옹진군 백령로 365,406.73,406.73,406.73,411.72,406.73
13143,23102,인천광역시 옹진군 사곶로 10,403.85,403.85,403.85,408.84,403.85
13144,23103,인천광역시 옹진군 백령로938번길 80,413.23,413.23,413.23,418.22,413.23
13145,23104,인천광역시 옹진군 백령남로 591,410.28,410.28,410.28,415.27,410.28
13146,23105,인천광역시 옹진군 대청남로510번길 1,393.52,393.52,393.52,398.51,393.52
13147,23106,인천광역시 옹진군 소청서로105번길 103,382.93,382.93,382.93,390.03,382.93
13148,23107,인천광역시 옹진군 연평로528번길 152,288.52,294.96,288.52,300.06,294.96
13149,23108,인천광역시 옹진군 연평로312번길 28,288.08,293.12,288.08,292.32,292.32
13150,23109,인천광역시 옹진군 소연평로 18,283.97,295.3,283.97,294.51,294.51
13151,23110,인천광역시 옹진군 장봉로 705,215.95,221.42,215.95,228.16,221.42
13152,23111,인천광역시 옹진군 장봉로541번길 27,214.47,219.94,214.47,226.68,219.94
13153,23112,인천광역시 옹진군 장봉로 204,210.95,252.26,210.95,223.16,223.16
13154,23113,인천광역시 옹진군 모도로78번길 52,208.75,241.59,208.75,220.96,220.96
13155,23114,인천광역시 옹진군 시도로61번길 38,206.63,239.48,206.63,218.84,218.84
13156,23115,인천광역시 옹진군 신도로182번길 28,205.02,237.87,205.02,217.23,217.23
13157,23116,인천광역시 옹진군 신도로 407,207.32,240.16,207.32,219.52,219.52
13158,23117,인천광역시 옹진군 영흥로722번길 128,184.06,197.76,184.06,188.93,188.93
13159,23118,인천광역시 옹진군 내동로131번길 68,180.29,193.99,180.29,185.17,185.17
13160,23119,인천광역시 옹진군 영흥로544번길 33,181.87,195.57,181.87,186.75,186.75
13161,23120,인천광역시 옹진군 영흥남로293번길 75,183.66,197.36,183.66,188.53,188.53
13162,23121,인천광역시 옹진군 영흥남로 118,181,194.7,181,185.87,185.87
13163,23122,인천광역시 옹진군 선재로 358,176.1,189.8,176.1,180.98,180.98
13164,23123,인천광역시 옹진군 선재로 46,172.95,186.65,172.95,177.82,177.82
13165,23124,인천광역시 옹진군 자월서로 311,204.19,209.24,201.71,210.79,209.24
13166,23125,인천광역시 옹진군 자월서로174번길 32,203.25,208.29,203.25,209.85,208.29
13167,23126,인천광역시 옹진군 자월동로179번길 8,202.86,207.9,200.38,209.47,207.9
13168,23127,인천광역시 옹진군 승봉로 102,208.52,213.56,208.52,211.69,211.69
13169,23128,인천광역시 옹진군 소이작로 225,212.47,217.51,212.47,215.63,215.63
13170,23129,인천광역시 옹진군 덕적남로 1131,221.62,226.66,221.62,229.54,226.66
13171,23130,인천광역시 옹진군 덕적북로 31,216.78,239.66,216.78,217.31,217.31
13172,23131,인천광역시 옹진군 덕적남로 648,224.28,229.32,224.28,226.98,226.98
13173,23132,인천광역시 옹진군 문갑3길 18,247.88,247.88,247.88,244.36,247.88
13174,23133,인천광역시 옹진군 소야로250번길 13,217.71,222.75,217.71,220.87,220.87
13175,23134,인천광역시 옹진군 굴업로 127,262.74,262.74,262.74,266.36,262.74
13176,23135,인천광역시 옹진군 백아로 328,270.73,270.73,270.73,274.36,270.73
13177,23136,인천광역시 옹진군 울도로 184,249.39,249.39,249.39,247.52,249.39
13178,24000,강원특별자치도 철원군 대마1길 34,250.96,250.96,250.96,283.57,250.96
13179,24001,강원특별자치도 철원군 금학로 622,246.92,246.92,246.92,287.33,246.92
13180,24002,강원특별자치도 철원군 평화백마길 90,249.45,249.45,249.45,282.03,249.45
13181,24003,강원특별자치도 철원군 태봉로 2650,245.85,245.85,245.85,288.38,245.85
13182,24004,강원특별자치도 철원군 금학로339번길 12,244.19,244.19,244.19,289.46,244.19
13183,24005,강원특별자치도 철원군 금학로290번길 15,243.74,243.74,243.74,289.97,243.74
13184,24006,강원특별자치도 철원군 금학로279번길 12,242.93,243.76,243.76,290,243.76
13185,24007,강원특별자치도 철원군 금학로 286,243.52,243.52,243.52,289.89,243.52
13186,24008,강원특별자치도 철원군 화지로24번안길 36,243.69,243.69,243.69,290.74,243.69
13187,24009,강원특별자치도 철원군 정연길 137,252.98,252.98,252.98,297.67,252.98
13188,24010,강원특별자치도 철원군 금강산로 556,248.3,248.3,248.3,288,248.3
13189,24011,강원특별자치도 철원군 이평로46번길 16,243.41,243.41,243.41,290.46,243.41
13190,24012,강원특별자치도 철원군 이평로100번길 4,243.46,243.46,243.46,291.65,243.46
13191,24013,강원특별자치도 철원군 이평로111번길 36,243.41,243.41,243.41,288.73,243.41
13192,24014,강원특별자치도 철원군 금학로 225,242.94,242.94,242.94,289.81,242.94
13193,24015,강원특별자치도 철원군 이평3로 131,242.18,243.01,243.01,289.73,243.01
13194,24016,강원특별자치도 철원군 이평2로 35,243.29,243.29,243.29,290.01,243.29
13195,24017,강원특별자치도 철원군 이평3로 97,242.57,242.57,242.57,289.44,242.57
13196,24018,강원특별자치도 철원군 금학로187번안길 15,242.78,242.78,242.78,289.76,242.78
13197,24019,강원특별자치도 철원군 이평1로69번길 55,242.63,242.63,242.63,286.07,242.63
13198,24020,강원특별자치도 철원군 금학로59번길 27,241.54,241.54,241.54,286.87,241.54
13199,24021,강원특별자치도 철원군 금학로98번길 7,241.72,241.72,241.72,285.17,241.72
13200,24022,강원특별자치도 철원군 북원로 1298,242.09,242.09,242.09,285.54,242.09
13201,24023,강원특별자치도 철원군 태봉대교길 153,244.61,244.61,244.61,279.35,244.61
13202,24024,강원특별자치도 철원군 북원로 1120,239.79,239.79,239.79,283.24,239.79
13203,24025,강원특별자치도 철원군 오지3길 9,240.06,240.06,240.06,283.5,240.06
13204,24026,강원특별자치도 철원군 담터길 350,240.15,240.15,240.15,283.41,240.15
13205,24027,강원특별자치도 철원군 상노1길 48,237.76,237.76,237.76,283.08,237.76
13206,24028,강원특별자치도 철원군 내대2길 8,242.17,243.8,243.8,277.6,243.8
13207,24029,강원특별자치도 철원군 지경안길 22,245.69,245.69,245.69,280.43,245.69
13208,24030,강원특별자치도 철원군 태봉로 1182,242.1,242.1,242.1,276.84,242.1
13209,24031,강원특별자치도 철원군 두루미로 213,240.25,241.88,240.25,281.41,241.88
13210,24032,강원특별자치도 철원군 갈말로 45,236.67,236.67,236.67,277.14,236.67
13211,24033,강원특별자치도 철원군 아랫삼성길 43,237.12,237.12,237.12,270.46,237.12
13212,24034,강원특별자치도 철원군 호국로 4914,236.2,236.2,236.2,276.67,236.2
13213,24035,강원특별자치도 철원군 동온동2길 314,234.34,236.03,236.03,268.36,236.03
13214,24036,강원특별자치도 철원군 호국로 4749,234.77,236.45,236.45,268.79,236.45
13215,24037,강원특별자치도 철원군 군탄로8번길 14,234.75,234.75,234.75,268.09,234.75
13216,24038,강원특별자치도 철원군 명성로174번길 17,234.73,234.73,234.73,268.06,234.73
13217,24039,강원특별자치도 철원군 명성로174번길 43,235.79,235.79,235.79,268.36,235.79
13218,24040,강원특별자치도 철원군 삼부연로 59,235,235,235,268.31,235
13219,24041,강원특별자치도 철원군 명성로158번길 11,234.86,234.86,234.86,268.19,234.86
13220,24042,강원특별자치도 철원군 명성로158번길 18,234.5,234.5,234.5,267.83,234.5
13221,24043,강원특별자치도 철원군 명성로 155,234.43,234.43,234.43,267.76,234.43
13222,24044,강원특별자치도 철원군 명성로139번길 14,234.4,234.4,234.4,267.73,234.4
13223,24045,강원특별자치도 철원군 명성로139번길 13,234.28,234.28,234.28,267.61,234.28
13224,24046,강원특별자치도 철원군 호국로 4371,231.22,231.22,231.22,264.55,231.22
13225,24047,강원특별자치도 철원군 삼부연로 92,235.19,235.19,235.19,268.52,235.19
13226,24048,강원특별자치도 철원군 명성로 144,234.31,234.31,234.31,267.64,234.31
13227,24049,강원특별자치도 철원군 삼부연로18번길 7,234.57,234.57,234.57,267.9,234.57
